vvCountHistVlun,vvCountHistVlunPrevious,totalWriteIOsHistVlun,totalWriteIOsHistPortTargets,cpuLatestTotalMaxPct,cpuLatestTotalAvgPct,portTotalAvgIOSizeKB,ddsSizeUsedTiB,nodeCountOffline,nodeCountMissing,ddsSizeUsedTiBPrevious,portTotalBandwidthMBPS,totalsGt32msPct
6,6,0.0,0.0,0,0,0,0,0,0,0,0,0
6,6,5037136.0,5036982.0,0,0,16.706628904991764,0,0,0,0,4.826387279852685,0.001
6,6,1.50836754E8,1.50837538E8,0,0,66.96029966039488,0,0,0,0,17.821554492645753,0.000
6,6,0.0,0.0,0,0,0,0,0,0,0,0,0
6,6,0.0,0.0,0,0,0,0,0,0,0,0,0
6,6,5173432.0,5174400.0,0,0,15.88967249232708,0,0,0,0,4.620831214008549,0.000
6,6,0.0,0.0,0,0,0,0,0,0,0,0,0
6,6,6072782.0,6073656.0,0,0,17.230757663594325,0,0,0,0,6.071189501414919,0.000
6,6,0.0,0.0,0,0,0,0,0,0,0,0,0
